qid,system,qtype,expected_action,question,action,answer,citations,route_to,auto_outcome,auto_correct,human_grade,human_note
Q0396,keepline_rl,unanswerable,abstain,Why does one product code always show a tiny variance on the recon report?,route,"I don't know -- I found no reliable evidence answering this. Dave MacLeod worked on Nightly core-banking reconciliation in Aug 2026 -- ask Dave. Sarah Chen worked on this (last active Aug 31, 2026) but left on Sep 11, 2026.",,"dave,aisha",correct_route,1,,
Q0404,keepline_rl,unanswerable,abstain,When are salary bands being reviewed next?,route,I don't know -- I found no reliable evidence answering this. Nadia Kaur worked on Identity & access in Aug 2026 -- ask Nadia.,,"nadia,mike",wrong_route,0,,
Q0407,keepline_rl,unanswerable,abstain,Is the recurring small difference on the reconciliation a known issue?,route,"I don't know -- I found no reliable evidence answering this. Aisha Rahman worked on Nightly core-banking reconciliation in Aug 2026 -- ask Aisha. Sarah Chen worked on this (last active Aug 31, 2026) but left on Sep 11, 2026.",,"aisha,priya",wrong_route,0,,
Q0410,keepline_rl,current,answer,Which version of the CoreLink API are we on?,answer,"Per Sarah Chen (Aug 6, 2026): API version 3 is what we're on now. (Current as of Aug 6, 2026 -- this replaced an earlier version from Jul 23, 2026.)",ticket-HCU-284: API version 3 is what we're on now. | ticket-HCU-257: CoreLink is moving everyone off the old API version.,,correct_cited,1,,
Q0411,keepline_rl,unanswerable,abstain,Who is our contact at the Bank of Canada?,abstain,"I don't know -- I couldn't find anything about this in the company's messages, email or tickets.",,,correct_abstain,1,,
Q0413,keepline_rl,fact,answer,Where is our disaster recovery site?,answer,"Per Mike O'Brien (Apr 16, 2026): Mike O'Brien owns Backups & disaster recovery — cheat sheet. Per Mike O'Brien (Mar 12, 2026): Our disaster recovery site is the Moncton colocation, that's where the replica lives.","doc-0006: Owner: Mike O'Brien | slack-000227: Heads up all: Our disaster recovery site is the Moncton colocation, that's where the replica lives.",,correct_cited,1,,
Q0421,keepline_rl,fact,answer,How many failed logins before a portal account locks?,answer,"Per Jen Theriault (Mar 17, 2026): Five failed logins and it locks.",slack-000300: Five failed logins and it locks.,,correct_cited,1,,
Q0422,keepline_rl,unanswerable,abstain,Who's the vendor contact for our disaster recovery site?,route,"Ask Mike O'Brien (13 closed tickets, 32 facts stated, 45 messages, last active Jul 18, 2026) -- strongest evidence in Backups & disaster recovery. Note: Mike is leaving on Oct 30, 2026. Backup: Nadia Kaur (8 closed tickets, 2 facts stated, 26 messages, last active Aug 8, 2026).","doc-0006: Owner: Mike O'Brien | doc-0009: Nadia, one thing before you do restores on your own: restore host only.","mike,nadia",correct_route,1,,
Q0423,keepline_rl,fact,answer,What client ID do I give CoreLink when opening a ticket?,route,"I don't know -- I found no reliable evidence answering this. Sarah Chen worked on CoreLink core-banking API in Aug 2026 -- ask Sarah. (Sarah is leaving on Sep 11, 2026.)",,"sarah,dave",unnecessary_abstain,0,,
Q0425,keepline_rl,fact,answer,How do I contact CoreLink support?,answer,"Per Sarah Chen (Jun 29, 2026): Dan's moved on at CoreLink - our new rep is Maria Santos, maria.santos@corelink-banking.com. (Current as of Jun 29, 2026 -- this replaced an earlier version from Mar 2, 2026.) Per Sarah Chen (Apr 16, 2026): Dan Holt is the account manager on our CoreLink contract. (posting here so it's searchable).","slack-002261: FYI Dan's moved on at CoreLink - our new rep is Maria Santos, maria.santos@corelink-banking.com. | email-000002: Our CoreLink rep is Dan Holt, dan.holt@corelink-banking.com. | slack-000855: Dan Holt is the account manager on our CoreLink contract. (posting here so it's searchable)",,hallucination,0,,
Q0432,keepline_rl,current,answer,Which day of the week do we swap the offsite copy?,route,"I don't know -- I found no reliable evidence answering this. Mike O'Brien worked on Backups & disaster recovery in Jul 2026 -- ask Mike. (Mike is leaving on Oct 30, 2026.)",,"mike,nadia",unnecessary_abstain,0,,
Q0438,keepline_rl,unanswerable,route,Where is the backup payroll approval token kept?,route,"I don't know -- I found no reliable evidence answering this. Mike O'Brien worked on Backups & disaster recovery in Jul 2026 -- ask Mike. (Mike is leaving on Oct 30, 2026.)",,"mike,nadia",wrong_route,0,,
Q0442,keepline_rl,current,answer,What day is the offsite backup rotated?,answer,"Per Mike O'Brien (Mar 31, 2026): Friday is offsite rotation day, the courier comes around 10.","slack-000532: Short version: Friday is offsite rotation day, the courier comes around 10.",,stale_answer,0,,
Q0446,keepline_rl,current,answer,By when do managers have to approve timesheets in Paylane?,answer,"Per Priya Nair (Apr 27, 2026): Managers: timesheets need to be approved in Paylane by Monday 10am of pay week please! (posting here so it's searchable).",slack-001037: Managers: timesheets need to be approved in Paylane by Monday 10am of pay week please! (posting here so it's searchable),,stale_answer,0,,
Q0470,keepline_rl,unanswerable,abstain,Do members earn points on debit purchases?,abstain,"I don't know -- I couldn't find anything about this in the company's messages, email or tickets.",,,correct_abstain,1,,
Q0473,keepline_rl,unanswerable,abstain,Do we charge members for incoming wires?,abstain,"I don't know -- I couldn't find anything about this in the company's messages, email or tickets.",,,correct_abstain,1,,
Q0476,keepline_rl,fact,answer,Why did my resend get blocked with a hash error?,route,"I don't know -- I found no reliable evidence answering this. Priya Nair worked on ACH / EFT payments in Aug 2026 -- ask Priya. Sarah Chen worked on this (last active Aug 27, 2026) but left on Sep 11, 2026.",,"priya,aisha",unnecessary_abstain,0,,
Q0482,keepline_rl,current,answer,Did the timesheet approval deadline move? What is it now?,answer,"Per Priya Nair (May 29, 2026): The deductions remittance is monthly, due the 15th. late = 10% penalty, not fun. Per Priya Nair (Apr 15, 2026): Timesheet approvals close Monday 10 am, anything after that goes on the next run. Per Priya Nair (Apr 27, 2026): Managers: timesheets need to be approved in Paylane by Monday 10am of pay week please! (posting here so it's searchable).","slack-001693: Short version: the deductions remittance is monthly, due the 15th. late = 10% penalty, not fun | email-000053: Timesheet approvals close Monday 10 am, anything after that goes on the next run. | slack-001037: Managers: timesheets need to be approved in Paylane by Monday 10am of pay week please! (posting here so it's searchable)",,stale_answer,0,,
Q0486,keepline_rl,fact,answer,How often do we review who has access to what?,answer,"Per Nadia Kaur (Jul 7, 2026): Okta: Yep — It's that time again, the quarterly review of who has access to what.","slack-002413: Yep — It's that time again, the quarterly review of who has access to what.",,correct_cited,1,,
Q0493,keepline_rl,unanswerable,abstain,What happened to the old registrar account before 2020?,route,"I don't know -- I found no reliable evidence answering this. Dave MacLeod worked on SSL certificates & DNS in Aug 2026 -- ask Dave. Sarah Chen worked on this (last active Aug 28, 2026) but left on Sep 11, 2026.",,"dave,nadia",wrong_route,0,,
Q0506,keepline_rl,fact,answer,CoreLink is down - who do I call?,answer,"Per Sarah Chen (Jul 8, 2026): Opening a ticket so the answer is written down somewhere. Per Sarah Chen (Jun 3, 2026): Opening a ticket so the answer is written down somewhere. Per Sarah Chen (Jun 3, 2026): Opening a ticket so the answer is written down somewhere.",ticket-HCU-249: Opening a ticket so the answer is written down somewhere. | ticket-HCU-213: Opening a ticket so the answer is written down somewhere. | ticket-HCU-214: Opening a ticket so the answer is written down somewhere.,,hallucination,0,,
Q0507,keepline_rl,current,answer,What time does the ACH returns file get picked up each day?,answer,"Per Sarah Chen (Apr 8, 2026): The returns file gets picked up off the SFTP at 7:00 every business morning by the scheduled task.",slack-000688: The returns file gets picked up off the SFTP at 7:00 every business morning by the scheduled task.,,stale_answer,0,,
Q0514,keepline_rl,routing,route,"If there's a problem with a pay run, who do I go to?",route,I don't know -- I found no reliable evidence answering this. Priya Nair worked on Payroll in Aug 2026 -- ask Priya.,,"priya,dave",correct_route,1,,
Q0516,keepline_rl,unanswerable,abstain,Do we have a Bank of Canada liaison?,abstain,"I don't know -- I couldn't find anything about this in the company's messages, email or tickets.",,,correct_abstain,1,,
Q0524,keepline_rl,unanswerable,abstain,Is there a cap on the total value of one EFT batch file?,route,"I don't know -- I found no reliable evidence answering this. Priya Nair worked on ACH / EFT payments in Aug 2026 -- ask Priya. Sarah Chen worked on this (last active Aug 27, 2026) but left on Sep 11, 2026.",,"priya,aisha",correct_route,1,,
Q0534,keepline_rl,fact,answer,I need the CoreLink credentials - where do they live?,route,"I don't know -- I found no reliable evidence answering this. Dave MacLeod worked on CoreLink core-banking API in Aug 2026 -- ask Dave. Sarah Chen worked on this (last active Aug 31, 2026) but left on Sep 11, 2026.",,"dave,nadia",unnecessary_abstain,0,,
Q0535,keepline_rl,fact,answer,Where do backups replicate to?,answer,"Per Mike O'Brien (May 7, 2026): The primary replicates everything to DR within minutes, so a bad restore there is a bad restore everywhere.","doc-0009: The primary replicates everything to DR within minutes, so a bad restore there is a bad restore everywhere.",,hallucination,0,,
Q0542,keepline_rl,fact,answer,When is the next access review?,answer,"Per Nadia Kaur (Aug 25, 2026): Picking this back up next week.",ticket-HCU-308: Picking this back up next week.,,hallucination,0,,
Q0548,keepline_rl,unanswerable,abstain,How often does the CoreLink sandbox data get reset?,route,"I don't know -- I found no reliable evidence answering this. Dave MacLeod worked on CoreLink core-banking API in Aug 2026 -- ask Dave. Sarah Chen worked on this (last active Aug 31, 2026) but left on Sep 11, 2026.",,"dave,aisha",correct_route,1,,
Q0549,keepline_rl,fact,answer,Who reconciles the card settlement report and when?,answer,"Per Priya Nair (May 14, 2026): @dave I reconcile the Tidewater settlement report against the GL every morning, done by 10am.","slack-001402: @dave I reconcile the Tidewater settlement report against the GL every morning, done by 10am.",,correct_cited,1,,
